frames_mean,frames_median,frames_std,frames_min,frames_max,distance_mean,distance_median,distance_std,distance_min,distance_max,fitness_mean,fitness_median,fitness_std,fitness_min,fitness_max,wins_mean,wins_median,wins_std,wins_min,wins_max
210.5,182.0,61.64616776410355,182.0,377.0,87.2,40.0,117.91590223544914,40.0,434.0,5446.57687998439,1e-05,15247.40101190479,1e-05,51088.95687985275,0.0,0.0,0.0,0.0,0.0
354.55555555555554,375.0,79.78625767373883,135.0,475.0,402.76666666666665,434.0,75.99386671158257,118.0,435.0,45804.22523722655,50676.23453729153,11709.174383790569,3376.8118399911446,51378.26422487083,0.0,0.0,0.0,0.0,0.0
186.2,182.0,63.46463582184963,135.0,367.0,214.4,303.5,146.91507751078512,40.0,434.0,20692.758655602465,29721.66208844768,17917.62037910223,1e-05,51378.26422487083,0.0,0.0,0.0,0.0,0.0
252.25555555555556,193.0,122.84059780518734,133.0,595.0,355.3666666666667,314.0,65.35483489723192,281.0,595.0,37953.41578306356,31904.132446048377,11068.21309221143,21035.792762811678,85919.29012731093,0.0,0.0,0.0,0.0,0.0
224.8,182.0,109.15841699108687,182.0,549.0,122.4,40.0,174.74221012680366,40.0,595.0,11391.808505293699,1e-05,26182.724912629965,1e-05,85919.29012731093,0.0,0.0,0.0,0.0,0.0
273.6,191.0,162.68632394888024,135.0,715.0,357.1333333333333,312.0,135.11766065996784,40.0,597.0,39258.54960341783,31727.066154389362,21533.886423452062,1e-05,85853.97239748845,0.0,0.0,0.0,0.0,0.0
367.97777777777776,371.5,190.99947514632817,135.0,793.0,431.97777777777776,436.0,155.88670941693366,40.0,722.0,52909.00228633765,47216.83424415157,26777.152138218476,1e-05,100694.42271690538,0.0,0.0,0.0,0.0,0.0
390.5111111111111,454.0,193.2261337537759,135.0,978.0,433.6333333333333,516.5,194.5317140668271,40.0,723.0,55488.63034657472,59669.199559195076,33388.71149517117,1e-05,116154.53600258462,0.0,0.0,0.0,0.0,0.0
376.52222222222224,454.5,157.74319691460389,135.0,939.0,455.73333333333335,594.0,174.52015483732657,40.0,673.0,60788.913614391415,80810.5270068649,30917.41796823171,1e-05,115878.38568754692,0.0,0.0,0.0,0.0,0.0
384.4888888888889,455.0,148.75724030516926,135.0,697.0,492.1111111111111,594.0,136.598962452904,40.0,722.0,66679.58876871044,82449.24926916728,28619.810910012857,1e-05,127113.18917073676,0.0,0.0,0.0,0.0,0.0
372.65555555555557,380.5,146.13313268775087,133.0,697.0,481.3888888888889,436.5,129.52809171453842,285.0,723.0,64595.86818988291,51435.65758642787,28900.497083932598,11427.218307215004,128358.80916484793,0.0,0.0,0.0,0.0,0.0
377.9222222222222,390.0,162.41026430191314,133.0,805.0,498.93333333333334,441.0,151.1941944799616,258.0,858.0,70503.13669692587,51649.371737276626,35603.82973169565,14446.058314037406,170836.61301599524,0.0,0.0,0.0,0.0,0.0
430.9222222222222,408.0,185.68283758290505,133.0,1052.0,552.5222222222222,594.5,175.21810077587924,291.0,898.0,85146.19477818959,90813.25148055487,44327.636579423124,26920.235306461735,193765.17744538534,0.0,0.0,0.0,0.0,0.0
340.22222222222223,370.0,158.14668140528963,133.0,678.0,536.0666666666667,594.5,191.18890018919916,261.0,900.0,84889.02632325476,91169.84643260148,48688.480917468565,14281.577865012829,193802.7224174213,0.0,0.0,0.0,0.0,0.0
363.27777777777777,365.0,165.71609106995666,133.0,828.0,568.2111111111111,698.5,199.09933279895154,304.0,902.0,93568.8932719942,124528.70482577049,52891.927293742854,29316.23790859138,193901.43176953468,0.0,0.0,0.0,0.0,0.0
416.6111111111111,380.0,155.2009947308074,133.0,789.0,623.0111111111111,704.0,209.5476871976318,302.0,1129.0,109268.15828562,127675.37712726023,61881.705234705005,29132.430670722664,299914.4332903188,0.0,0.0,0.0,0.0,0.0
453.6333333333333,433.0,193.5290647135176,133.0,891.0,634.2666666666667,704.0,236.85381332984463,295.0,1273.0,113766.42990714751,126158.69999716574,71008.18035163672,27681.819105758477,363778.3945503626,0.0,0.0,0.0,0.0,0.0
416.73333333333335,386.0,199.12211775133815,133.0,875.0,629.0,699.5,247.4801900040576,295.0,1272.0,114203.65455256162,126453.1830679441,75686.65149769331,27639.819151312637,363943.2843238265,0.0,0.0,0.0,0.0,0.0
466.72222222222223,469.5,235.027281053724,133.0,977.0,668.7888888888889,712.5,279.2367969402172,295.0,1306.0,128298.98752214952,128322.73112555846,89240.51457254347,27681.819105758477,382154.01569660014,0.0,0.0,0.0,0.0,0.0
535.9888888888889,578.5,215.171636629637,133.0,992.0,726.0555555555555,722.0,272.02926154331715,298.0,1278.0,144580.08950791226,128340.77014520319,90491.58882178892,28319.40249293462,368426.82173536153,0.0,0.0,0.0,0.0,0.0
525.2777777777778,573.0,199.0441060992249,133.0,1009.0,709.3555555555556,722.0,269.7744865257775,251.0,1335.0,138827.72074831676,128051.15029965977,94357.09909843413,18553.372856684957,399730.31315789185,0.0,0.0,0.0,0.0,0.0
525.6444444444444,578.0,223.53763347643928,133.0,1078.0,747.5222222222222,722.0,306.10561822053,250.0,1335.0,155721.4931286591,128358.80916484793,109030.8614058822,18504.919261773422,399730.31315789185,0.0,0.0,0.0,0.0,0.0
521.2888888888889,552.5,235.587928593053,133.0,1046.0,714.5888888888888,722.0,318.4014200988866,300.0,1349.0,145686.0071136962,127955.20952852437,116492.6172505251,28745.67342130943,407563.39152160275,0.0,0.0,0.0,0.0,0.0
495.6333333333333,488.5,226.63707895125097,133.0,1023.0,704.2111111111111,713.0,310.10920995476005,305.0,1346.0,142361.67318817298,128376.83258654604,110985.68553594012,23825.317316564826,405973.7671753209,0.0,0.0,0.0,0.0,0.0
482.3222222222222,412.0,195.26448318898585,133.0,1058.0,701.4888888888889,709.0,286.419166197781,304.0,1420.0,139380.74106172845,128430.87162872596,103565.90548505286,28550.98681770527,455332.53896352754,0.0,0.0,0.0,0.0,0.0
477.85555555555555,385.5,213.72472227980612,133.0,906.0,702.6888888888889,707.5,338.4480148640735,294.0,1520.0,145844.69872071838,128005.8261588222,123228.50785523007,27553.568290444433,514316.1079040845,0.0,0.0,0.0,0.0,0.0
480.6666666666667,459.0,210.14508215886366,133.0,1035.0,707.8444444444444,707.0,302.55540947480864,302.0,1359.0,143115.65472423183,128448.86381396392,107905.92119038335,29253.176943892373,412348.0505201785,0.0,0.0,0.0,0.0,0.0
508.3666666666667,463.5,193.7221635917446,133.0,872.0,746.3444444444444,708.0,337.7450110203492,308.0,1518.0,158564.4020367128,128398.31584132247,122937.7065212102,23864.678061422957,514382.0096974381,0.0,0.0,0.0,0.0,0.0
486.22222222222223,419.5,210.49379921074362,133.0,891.0,729.2555555555556,704.5,336.67638801512885,307.0,1344.0,153644.77849239495,128657.68208911517,120565.0651983229,30284.204440724425,404606.60381633084,0.0,0.0,0.0,0.0,0.0
521.0333333333333,464.0,219.3549862665538,133.0,1073.0,750.8111111111111,708.0,346.4099015278622,294.0,1351.0,161534.88526128817,128448.77002313227,126787.54623634159,27553.568290444433,407197.59404969803,0.0,0.0,0.0,0.0,0.0
500.8666666666667,466.5,206.47535230896474,133.0,924.0,758.7333333333333,709.0,323.18604205283646,301.0,1352.0,162662.3417353538,129144.58498044859,118616.91664875015,29039.890402013996,407907.82251320034,0.0,0.0,0.0,0.0,0.0
519.0222222222222,472.5,200.376921368914,133.0,960.0,780.3333333333334,709.0,326.6963251842434,302.0,1355.0,170090.94680121305,129268.85544860453,121698.11260534727,29253.176943892373,410618.1521370125,0.0,0.0,0.0,0.0,0.0
519.8222222222222,547.0,226.84275404281354,133.0,887.0,786.4,722.0,348.99735115199815,296.0,1432.0,175722.2204469877,129461.36205989568,130379.58343888406,27977.023169872355,462094.7156975512,0.0,0.0,0.0,0.0,0.0
511.9555555555556,475.0,204.7264251038504,133.0,895.0,761.1,722.0,318.08873849219424,304.0,1359.0,162645.6817392235,129002.83706793739,120151.14920763877,17987.80975252378,412034.54175035655,0.0,0.0,0.0,0.0,0.0
511.4888888888889,465.0,246.0816596373581,133.0,904.0,756.4666666666667,708.0,363.2696029733901,248.0,1357.0,166622.40091317554,128464.9636876072,135373.27200262927,13614.73563600096,411416.1233343276,0.0,0.0,0.0,0.0,0.0
522.0555555555555,556.0,228.5996189902099,133.0,889.0,775.1444444444444,722.0,350.50650845474445,299.0,1434.0,171559.89796073214,129142.0025952238,131565.24995697037,23598.521251289818,463583.9852891361,0.0,0.0,0.0,0.0,0.0
589.8111111111111,616.5,250.54766210774014,133.0,1026.0,886.7888888888889,811.0,383.77555635334693,307.0,1523.0,216712.68979012832,162640.5481646799,151254.4074612314,30284.204440724425,517213.33475992497,0.0,0.0,0.0,0.0,0.0
535.3111111111111,560.5,230.70123269161803,133.0,915.0,783.5777777777778,722.0,350.2286547632617,301.0,1427.0,173868.7802887197,128789.30457791076,134377.37003639687,29039.890402013996,458392.0345783207,0.0,0.0,0.0,0.0,0.0
536.8444444444444,570.5,251.500382642126,133.0,919.0,789.6777777777778,722.0,365.4890126871965,293.0,1429.0,178205.0532755007,129268.08341985743,136481.566508638,17835.090338811064,459594.5345118521,0.0,0.0,0.0,0.0,0.0
534.5333333333333,559.0,268.00805128867967,133.0,905.0,812.4222222222222,722.0,399.91060050348966,302.0,1441.0,191791.00739200567,128949.53695018665,151205.88609752484,29253.176943892373,469799.32708861935,0.0,0.0,0.0,0.0,0.0
499.3222222222222,544.0,241.9383221575182,133.0,888.0,770.4111111111112,722.0,382.05400707359115,302.0,1523.0,174889.2029258567,128538.71521556388,147144.0492615083,29253.176943892373,518521.6947415257,0.0,0.0,0.0,0.0,0.0
525.5222222222222,560.0,235.35553378654728,133.0,889.0,815.1111111111111,723.0,371.32574631520396,292.0,1524.0,189160.1391043416,129243.20415188813,145791.3843971077,27131.097827875514,517515.0737969942,0.0,0.0,0.0,0.0,0.0
489.44444444444446,464.0,237.52155977515952,133.0,911.0,795.7111111111111,711.5,426.29758110306113,305.0,1523.0,191112.26002408084,128032.98697865233,171479.19018432734,29735.693077976848,517238.1611617755,0.0,0.0,0.0,0.0,0.0
472.14444444444445,458.5,215.25863312722782,133.0,888.0,732.9666666666667,703.5,370.6387114758042,301.0,1521.0,160875.67786993756,128123.74160601475,146190.41521503183,29039.890402013996,514864.3183208903,0.0,0.0,0.0,0.0,0.0
524.6555555555556,566.5,215.24121668032052,133.0,947.0,851.9666666666667,722.0,399.74840559754307,294.0,1796.0,207362.45179794796,129810.65170502746,166629.080219986,27553.568290444433,694052.4392956935,0.0,0.0,0.0,0.0,0.0
500.6111111111111,562.0,210.67630222924373,133.0,942.0,804.2,722.0,371.88831059278476,301.0,1522.0,185881.0435646018,129012.3563042621,152024.5473598509,29039.890402013996,517238.1611617755,0.0,0.0,0.0,0.0,0.0
496.8222222222222,562.0,226.11312693614119,133.0,921.0,791.4111111111112,722.0,393.96714173320606,303.0,1792.0,184319.35325564866,128087.4614505646,161021.81058172003,29346.624014906527,692357.699375679,0.0,0.0,0.0,0.0,0.0
488.94444444444446,542.0,225.13262072294242,133.0,981.0,775.3,716.5,393.90177709677823,303.0,1954.0,178683.9407467814,128014.80817973564,161725.45075359504,29346.624014906527,810585.3514008925,0.0,0.0,0.0,0.0,0.0
519.8111111111111,547.5,189.42620342288942,133.0,977.0,878.4555555555555,713.0,414.6892855865062,302.0,1960.0,220453.6143076446,128917.47540505059,183296.85797215227,29172.90283250209,815414.9917267294,0.0,0.0,0.0,0.0,0.0
513.6666666666666,483.0,228.93016887737235,133.0,985.0,903.2,712.5,464.33989466529556,303.0,1960.0,238680.6354570285,129842.11183442781,199875.7195780649,29346.624014906527,815039.1409527768,0.0,0.0,0.0,0.0,0.0
473.06666666666666,470.5,216.47708629064851,133.0,861.0,838.8444444444444,710.5,411.36677095617915,303.0,1800.0,205888.0641296138,130127.41328049489,170820.8150112879,29346.624014906527,700822.4371818383,0.0,0.0,0.0,0.0,0.0
470.18888888888887,454.0,190.46468873342636,133.0,877.0,793.2222222222222,705.0,380.82754270660445,297.0,1778.0,184162.34433065975,128855.82058347706,158591.1834755254,28147.982272814803,684273.9327784092,0.0,0.0,0.0,0.0,0.0
467.3333333333333,453.5,194.54945101153305,133.0,799.0,818.6666666666666,706.0,381.2304056895544,299.0,1525.0,193838.26175461378,128820.74959722142,161925.72864641386,28614.025825080444,519382.6117589055,0.0,0.0,0.0,0.0,0.0
507.6777777777778,492.0,203.64887144176902,133.0,899.0,880.0222222222222,708.5,421.5398749499738,304.0,1788.0,222592.95393170044,129742.55250078061,180556.27100777905,29561.053645472188,690471.7027841588,0.0,0.0,0.0,0.0,0.0
398.6,182.0,295.90275429606936,182.0,899.0,563.9,40.0,748.8981840010028,40.0,1788.0,191917.26285084436,1e-05,291040.4006401209,1e-05,690471.7027841588,0.0,0.0,0.0,0.0,0.0
564.6777777777778,596.0,249.63127598643823,133.0,1263.0,987.3555555555556,899.0,510.02549633678143,301.0,2131.0,280272.65817672515,193316.4473999624,245484.47369019862,28999.641230180132,938565.7476650391,0.0,0.0,0.0,0.0,0.0
462.9,238.0,375.4337358309719,182.0,1239.0,684.5,272.5,811.7676083707702,40.0,2130.0,241644.45696598018,23084.578622751418,354143.24730254733,1e-05,938565.7476650391,0.0,0.0,0.0,0.0,0.0
335.5,208.0,312.49647998017514,182.0,1239.0,297.7,47.0,621.5522584626332,40.0,2130.0,98927.99199062621,116.81073444995071,280244.36597552546,1e-05,938565.7476650391,0.0,0.0,0.0,0.0,0.0
542.2888888888889,566.0,188.06087929441267,133.0,1138.0,950.2111111111111,722.5,441.5651580066435,304.0,2131.0,253323.0968054234,130354.15497560636,217551.21693798032,29561.053645472188,943788.2608242312,0.0,0.0,0.0,0.0,0.0
537.9444444444445,584.5,200.62609562794563,133.0,915.0,981.4111111111112,872.0,449.52344876285855,301.0,2024.0,268476.35811673396,182432.72333412804,214470.65491497077,28959.169068400704,868495.7665898502,0.0,0.0,0.0,0.0,0.0
272.6,182.0,223.5066889379376,161.0,915.0,332.2,40.0,581.8856932422381,40.0,2024.0,98152.88389034968,1e-05,257382.5616844865,1e-05,868495.7665898502,0.0,0.0,0.0,0.0,0.0
532.7666666666667,575.0,200.24163458737104,133.0,935.0,949.7444444444444,898.0,476.0511774801601,86.0,2025.0,259546.6534751832,194491.8681939972,220049.35292734735,1557.982505785872,869199.8961688102,0.0,0.0,0.0,0.0,0.0
295.1,182.0,223.83630179218025,182.0,917.0,310.5,40.0,585.7769626743612,40.0,2025.0,94724.76418615281,1e-05,258616.31213723382,1e-05,869199.8961688102,0.0,0.0,0.0,0.0,0.0
558.7555555555556,588.5,183.5694425739578,151.0,917.0,923.9555555555555,898.0,473.5650820252484,118.0,2025.0,247018.59641642202,194362.28634417898,231746.7886258342,3376.8118399911446,869199.8961688102,0.0,0.0,0.0,0.0,0.0
282.9,182.0,221.22316786448928,149.0,917.0,328.5,119.5,576.0628871920148,40.0,2025.0,95652.61248452544,4371.461329455934,258117.5652275169,1e-05,869199.8961688102,0.0,0.0,0.0,0.0,0.0
257.1,182.0,219.98974976121048,182.0,917.0,289.7,40.0,587.1795381312261,40.0,2025.0,92511.3051908351,1e-05,259130.90463673623,1e-05,869199.8961688102,0.0,0.0,0.0,0.0,0.0
544.4222222222222,496.0,233.86040364940305,179.0,1272.0,993.5555555555555,717.0,504.20494314450946,295.0,2132.0,282428.9201242033,131184.55778425068,254321.6460715277,27765.17339672614,942567.4469660709,0.0,0.0,0.0,0.0,0.0
532.8333333333334,480.5,222.6948210743423,133.0,1221.0,940.4888888888889,708.0,478.6052245720415,302.0,2131.0,255050.27593886745,129190.22057097394,245158.85886389672,29253.176943892373,943636.3566713323,0.0,0.0,0.0,0.0,0.0
561.4444444444445,581.0,216.89757496267993,133.0,1162.0,966.0111111111111,723.0,483.70200868910666,302.0,2132.0,266138.5980103395,132009.13644429945,243772.93035014308,29253.176943892373,942618.56814524,0.0,0.0,0.0,0.0,0.0
509.31111111111113,441.0,223.24001256467568,133.0,1209.0,938.4777777777778,710.0,475.9044074829822,312.0,2131.0,254711.36458789065,131353.1706771699,238060.9723248015,31651.646975245418,941178.8891954152,0.0,0.0,0.0,0.0,0.0
576.3444444444444,584.0,227.24109375585664,133.0,1207.0,1050.9666666666667,723.5,501.154854089809,313.0,2131.0,306759.4470620247,131528.15528818563,260086.80975005,31725.375670659603,943585.6775340178,0.0,0.0,0.0,0.0,0.0
591.5111111111111,577.5,280.2508893610408,133.0,1282.0,1067.388888888889,724.0,597.7165380651127,302.0,2142.0,332376.7623223604,131295.29512491773,308092.33693807013,29253.176943892373,947515.8687205446,0.0,0.0,0.0,0.0,0.0
311.2,182.0,326.3800851767767,151.0,1258.0,323.2,40.0,616.3991888378829,40.0,2142.0,101278.01843116207,1e-05,282352.2147767153,1e-05,947515.8687205446,0.0,0.0,0.0,0.0,0.0
359.8,257.5,308.4560908784264,182.0,1258.0,344.8,96.0,611.6915562601793,40.0,2142.0,103783.08644562893,2202.084548270157,281638.581121049,1e-05,947515.8687205446,0.0,0.0,0.0,0.0,0.0
544.9333333333333,514.0,279.3039284443461,133.0,1279.0,922.7,716.5,575.0432148011912,40.0,2147.0,265250.8110620223,129949.64977826207,287961.6336775079,1e-05,956108.9623105671,0.0,0.0,0.0,0.0,0.0
518.7,373.0,246.86957645238058,133.0,1281.0,913.3444444444444,709.0,499.01857371602944,302.0,2148.0,247341.3027241782,130036.10326268963,254825.01214824748,29253.176943892373,956261.9292080126,0.0,0.0,0.0,0.0,0.0
545.8111111111111,516.0,257.25244386894207,133.0,1244.0,980.1,722.0,538.2894316464166,302.0,2179.0,282342.80390182394,130722.89808902002,277093.2117362161,29253.176943892373,981120.3443832819,0.0,0.0,0.0,0.0,0.0
544.9666666666667,427.0,249.395734170058,133.0,1214.0,952.1555555555556,708.5,563.5852870706165,312.0,2178.0,275079.5120467428,129984.27996232477,292759.1297456703,31583.571704435657,982715.289626328,0.0,0.0,0.0,0.0,0.0
495.0,443.0,209.533821189378,133.0,1157.0,868.5555555555555,711.0,439.14743439510437,302.0,2147.0,220582.11417201886,129986.39071557907,210007.7518196515,29253.176943892373,956108.9623105671,0.0,0.0,0.0,0.0,0.0
543.5222222222222,529.0,237.97251138070445,133.0,1219.0,965.0666666666667,717.0,536.416397131101,301.0,2130.0,275542.58115306246,129897.62521847048,276595.8625614111,28999.641230180132,941127.155502713,0.0,0.0,0.0,0.0,0.0
550.1666666666666,462.0,262.3250845801827,133.0,1190.0,1007.8333333333334,713.0,570.4755180256789,303.0,2131.0,300795.58720847213,130631.55192931555,296935.65012165596,29346.624014906527,941385.6063690861,0.0,0.0,0.0,0.0,0.0
583.1666666666666,532.5,291.3992393035141,133.0,1251.0,1081.3333333333333,722.5,614.5121099972997,299.0,2146.0,342722.1799051133,131980.99395920432,318192.43021236354,28449.93142181293,951799.067521475,0.0,0.0,0.0,0.0,0.0
589.4888888888889,473.5,270.4285999193151,135.0,1241.0,1107.2777777777778,716.5,571.565783669499,314.0,2226.0,345766.52842248726,130326.75734820745,304127.8687296908,32154.350977578695,1019366.7928814848,0.0,0.0,0.0,0.0,0.0
596.8,537.0,262.4816692012352,279.0,1247.0,1103.3444444444444,723.0,563.904210957679,434.0,2226.0,342077.7877950678,130326.75734820745,300023.3638460433,50795.786668421366,1019366.7928814848,0.0,0.0,0.0,0.0,0.0
610.9111111111112,562.5,305.76881769818067,133.0,1262.0,1120.4555555555555,810.5,620.920538145871,307.0,2178.0,361690.7885669187,162824.02377017005,324568.10029958596,30284.204440724425,979975.7667878051,0.0,0.0,0.0,0.0,0.0
620.9222222222222,586.0,288.7284086310477,133.0,1240.0,1131.0333333333333,723.5,621.2550281486662,304.0,2146.0,366725.7694684183,131549.22224693964,325874.5987124427,29561.053645472188,951799.067521475,0.0,0.0,0.0,0.0,0.0
566.1222222222223,475.0,260.66942998440584,133.0,1260.0,1013.4,710.0,581.8359218886369,296.0,2147.0,304865.0572946445,130005.32762356885,302571.25612396706,27977.023169872355,951778.7628791715,0.0,0.0,0.0,0.0,0.0
563.6555555555556,564.5,225.51083546823256,133.0,1119.0,1059.9,723.0,553.2874890647316,302.0,2130.0,321297.9745789952,131804.2567185879,284134.80880141666,29253.176943892373,944745.662888014,0.0,0.0,0.0,0.0,0.0
569.5444444444445,511.5,279.8207823713485,133.0,1150.0,1101.3,816.0,602.3802868620453,310.0,2147.0,350121.2748911744,166475.38074225024,319217.1569306176,30813.62112133064,959675.3710186563,0.0,0.0,0.0,0.0,0.0
545.4444444444445,478.0,271.99216128864657,133.0,1150.0,1062.4555555555555,723.0,588.757753638231,302.0,2180.0,329714.7334755662,131804.2567185879,307681.0885159062,29253.176943892373,983276.1677602024,0.0,0.0,0.0,0.0,0.0
576.6111111111111,582.5,274.95263003912527,133.0,1314.0,1117.8333333333333,816.5,603.127630679352,302.0,2356.0,357959.34861380124,159700.72026889212,318425.3353951319,29253.176943892373,1127743.351849853,0.0,0.0,0.0,0.0,0.0
604.8555555555556,618.0,275.3974728001173,133.0,1184.0,1203.6333333333334,1229.0,594.6785209954478,313.0,2180.0,398353.9009315676,351287.6634995703,311945.2834951978,31761.87217641555,983580.9741693144,0.0,0.0,0.0,0.0,0.0
529.1333333333333,478.0,249.62265744741825,133.0,1144.0,1026.6666666666667,723.0,550.6236867811305,302.0,2180.0,306467.72996097454,131804.2567185879,274582.13065809995,29253.176943892373,983580.9741693144,0.0,0.0,0.0,0.0,0.0
551.1777777777778,548.0,261.1662977141737,133.0,1242.0,1057.9333333333334,810.5,563.281709666171,302.0,2152.0,322556.87639668287,161628.75976972553,288813.39987152675,29253.176943892373,961162.7701606174,0.0,0.0,0.0,0.0,0.0
572.9444444444445,478.0,298.9267603020703,133.0,1211.0,1065.2,723.0,633.4804776435938,302.0,2153.0,339373.89782285393,131804.2567185879,328939.3908931456,29253.176943892373,962658.7884010237,0.0,0.0,0.0,0.0,0.0
571.5222222222222,555.5,276.9801127148052,133.0,1231.0,1079.3444444444444,898.5,588.2578830016478,302.0,2151.0,336673.4038267688,195056.51834585136,304376.6111842718,29253.176943892373,960633.7973469982,0.0,0.0,0.0,0.0,0.0
603.4888888888889,607.0,281.7790010488695,133.0,1246.0,1139.6777777777777,903.0,604.9163914271822,302.0,2148.0,368454.4850809543,195710.8599636569,315829.893360761,29253.176943892373,957276.6180489744,0.0,0.0,0.0,0.0,0.0
611.5777777777778,554.0,300.9350235433917,133.0,1371.0,1099.2111111111112,723.0,635.7734483716043,302.0,2179.0,354604.0933219639,131804.2567185879,336273.9599958561,29253.176943892373,982408.2327133474,0.0,0.0,0.0,0.0,0.0
623.5555555555555,663.0,259.25697723863397,133.0,1184.0,1217.0555555555557,1411.0,591.3970909091474,312.0,2178.0,404653.3281098804,451665.0362888442,305271.8448477108,31727.066154389362,983986.1405938594,0.0,0.0,0.0,0.0,0.0
540.2888888888889,478.5,279.8552897657583,133.0,1206.0,1002.3111111111111,722.0,609.968061904236,312.0,2153.0,306601.76964450773,131318.219359933,309780.09365669073,31539.238743549886,959420.2779657344,0.0,0.0,0.0,0.0,0.0
562.2777777777778,510.0,284.4188237159253,133.0,1193.0,1025.0666666666666,723.0,607.2060020198161,312.0,2151.0,315532.1679895042,131787.8507371936,311706.639861358,31539.238743549886,959477.4619764915,0.0,0.0,0.0,0.0,0.0
635.8333333333334,612.5,268.6652708814032,133.0,1264.0,1209.5222222222221,921.0,618.831986312885,307.0,2147.0,405312.89645051153,202779.34960580774,324730.50522819994,30771.173154460925,956719.6366554623,0.0,0.0,0.0,0.0,0.0
608.8333333333334,576.5,283.0253718504953,133.0,1221.0,1143.3777777777777,723.0,607.2566833771143,313.0,2148.0,369823.76889701193,132080.43718132266,323056.8058305587,31539.238743549886,955904.6978015446,0.0,0.0,0.0,0.0,0.0
568.8333333333334,480.0,301.5027270928813,133.0,1258.0,1084.4888888888888,724.0,638.8536651159628,311.0,2148.0,349631.07663984946,131738.59852462675,325037.69575580437,31068.544733501778,950844.8573453533,0.0,0.0,0.0,0.0,0.0
600.1888888888889,613.0,304.0396134440541,133.0,1201.0,1132.388888888889,899.0,636.9535949335441,302.0,2148.0,370409.98191297374,194024.31274220417,330929.4725644309,29172.90283250209,956871.8071903224,0.0,0.0,0.0,0.0,0.0
540.9777777777778,516.0,283.54266689621386,133.0,1246.0,1006.4111111111112,722.5,583.9449535405132,301.0,2148.0,302757.4288297881,133919.9093742721,299074.9745820592,28999.641230180132,956516.4323505426,0.0,0.0,0.0,0.0,0.0
578.2,480.0,329.3177189280893,133.0,1356.0,1051.5444444444445,702.0,676.9226964089623,312.0,2179.0,341500.52172786783,122790.98560714719,353731.358049976,31539.238743549886,983174.3885906815,0.0,0.0,0.0,0.0,0.0
584.8,519.0,302.512119132808,133.0,1181.0,1098.5111111111112,728.5,646.6294361180296,301.0,2148.0,357160.1255781634,131738.59852462675,337131.4478358986,28999.641230180132,957377.5982417751,0.0,0.0,0.0,0.0,0.0
517.8333333333334,480.0,288.43201586817264,133.0,1212.0,961.2888888888889,714.0,603.48565746456,306.0,2147.0,287936.8199886805,127769.85555445169,304758.3559337782,29910.791182891826,957074.3904805358,0.0,0.0,0.0,0.0,0.0
558.5111111111111,521.0,288.6849587908915,133.0,1170.0,1050.2777777777778,728.5,617.5092446951305,312.0,2152.0,329216.5664195708,131771.42762160732,317579.5420910947,31539.238743549886,961111.7591327953,0.0,0.0,0.0,0.0,0.0
550.6111111111111,524.0,303.51414737096025,133.0,1254.0,1053.3111111111111,705.5,647.6246279793813,312.0,2148.0,338043.9202788799,128579.93395556156,331075.4618503723,31583.571704435657,956871.8071903224,0.0,0.0,0.0,0.0,0.0
492.75555555555553,435.5,285.5110159817193,133.0,1203.0,919.5777777777778,677.0,613.8372925526724,304.0,2179.0,273646.3661159183,122258.12402451654,304873.4422965949,29561.053645472188,980549.3638215376,0.0,0.0,0.0,0.0,0.0
580.5222222222222,581.0,263.62103388419683,133.0,1243.0,1112.3666666666666,813.0,634.2402708052455,304.0,2162.0,362436.8163588787,163177.82488948095,326377.33436479885,29561.053645472188,959148.8951562183,0.0,0.0,0.0,0.0,0.0
538.7222222222222,436.0,298.87429642197134,133.0,1249.0,1004.8444444444444,682.5,633.1881221443524,313.0,2178.0,312831.68021231005,123097.04221270978,329204.6077208622,31761.87217641555,982356.9796650492,0.0,0.0,0.0,0.0,0.0
656.9444444444445,603.0,298.08106135043613,147.0,1412.0,1234.3222222222223,902.0,633.6220890470873,312.0,2189.0,420580.47080627334,195226.91738089535,345859.6299898461,31583.571704435657,983580.9741693144,0.0,0.0,0.0,0.0,0.0
621.6111111111111,522.0,323.2801913182517,141.0,1303.0,1115.6777777777777,723.5,674.6415810187704,302.0,2179.0,370534.8987863894,131404.77835110232,361821.30103946605,29172.90283250209,983327.0241753261,0.0,0.0,0.0,0.0,0.0
588.6555555555556,559.0,275.92564059145076,133.0,1248.0,1067.7777777777778,774.0,585.8663438357815,302.0,2179.0,329584.3295704909,149807.71931203903,317783.6726260411,29172.90283250209,981894.7158197192,0.0,0.0,0.0,0.0,0.0
682.9111111111112,647.0,296.1648431549357,135.0,1247.0,1229.0666666666666,910.0,642.2180972570334,315.0,2178.0,418727.57409787603,198062.4809295877,351516.4252718497,32333.563765365696,983377.8584645331,0.0,0.0,0.0,0.0,0.0
621.2333333333333,597.0,279.2762491393304,141.0,1296.0,1071.6333333333334,899.0,595.7308573881703,306.0,2179.0,332418.6600989045,194436.13773716835,320232.5764062534,29910.791182891826,983327.0241753261,0.0,0.0,0.0,0.0,0.0
655.0444444444445,624.5,263.03548181064474,133.0,1251.0,1199.5777777777778,905.5,591.5255790050705,305.0,2178.0,394023.3446753496,195225.17396443337,317510.6233000339,29735.693077976848,980028.0197777806,0.0,0.0,0.0,0.0,0.0
600.9222222222222,596.5,272.75015949797876,135.0,1210.0,1101.7777777777778,898.0,576.7734347746335,302.0,2179.0,343768.0157564083,187160.5335326121,308198.9344012688,29172.90283250209,983225.2892287844,0.0,0.0,0.0,0.0,0.0
575.8,586.0,250.02929606125937,133.0,1254.0,1011.8888888888889,898.0,548.5609344142473,303.0,2152.0,297261.7445647964,194584.2050231626,287273.62605369784,29386.87318674039,961570.0634619778,0.0,0.0,0.0,0.0,0.0
647.6555555555556,622.5,273.1495382513278,133.0,1227.0,1231.5555555555557,1063.5,644.0818807696755,312.0,2154.0,422383.8443506527,270396.8332672091,344339.3845824183,31727.066154389362,963138.4544764035,0.0,0.0,0.0,0.0,0.0
584.7,465.5,318.4520354604267,133.0,1312.0,1130.1,708.5,650.0283250238665,314.0,2226.0,373882.02918259054,130324.5621124768,342911.34899710515,32083.345233835378,1015561.8685918924,0.0,0.0,0.0,0.0,0.0
624.0,559.5,321.9275971049667,135.0,1186.0,1175.9444444444443,723.5,660.4489947689815,312.0,2154.0,397339.3692834115,131738.59852462675,356453.5460397559,31583.571704435657,963392.5151964469,0.0,0.0,0.0,0.0,0.0
624.6,592.5,318.82017920242544,133.0,1253.0,1198.2777777777778,899.0,670.0127366580061,302.0,2179.0,411601.2514175633,195243.35276335006,350361.0622845015,29253.176943892373,981016.7248900804,0.0,0.0,0.0,0.0,0.0
697.5888888888888,665.0,328.8561622230892,133.0,1228.0,1309.7888888888888,1415.5,684.5580649740295,312.0,2227.0,471755.1944263215,454601.5118056835,368694.73635590886,31583.571704435657,1020837.9844114454,0.0,0.0,0.0,0.0,0.0
561.5444444444445,484.0,317.2432001236454,133.0,1263.0,1058.9555555555555,709.0,642.9979421275366,302.0,2178.0,339080.0827606891,130727.05980078861,333510.23643811466,29172.90283250209,981327.3226186497,0.0,0.0,0.0,0.0,0.0
644.7333333333333,605.5,316.35194184817504,133.0,1218.0,1230.911111111111,902.0,642.6508754015052,307.0,2179.0,421323.0864880852,195376.95053540496,346641.6397378331,30771.173154460925,981016.7248900804,0.0,0.0,0.0,0.0,0.0
537.4,463.0,284.2283432578657,133.0,1217.0,1032.0111111111112,717.5,588.0208328592986,312.0,2180.0,315617.35995169514,130464.38645555777,308203.8072876107,31727.066154389362,980080.25123345,0.0,0.0,0.0,0.0,0.0
635.1666666666666,648.5,324.9816832445245,133.0,1212.0,1202.1777777777777,914.5,639.4045594279759,302.0,2179.0,406095.0069336352,196168.70477752393,338499.25813895056,29132.430670722664,980549.3638215376,0.0,0.0,0.0,0.0,0.0
670.5333333333333,664.5,320.91408334457503,133.0,1262.0,1275.6777777777777,1266.0,646.2773712712552,300.0,2226.0,445148.60133417114,373739.241357801,350644.57262699975,28786.36735112572,1018252.4349539686,0.0,0.0,0.0,0.0,0.0
698.6111111111111,669.0,312.67251929292996,133.0,1370.0,1352.6777777777777,1426.0,628.1511111150419,302.0,2226.0,483162.7753739214,460529.67723879346,343503.3014469305,29253.176943892373,1019472.433779792,0.0,0.0,0.0,0.0,0.0
680.0555555555555,670.0,276.40446857262197,279.0,1228.0,1334.6777777777777,1415.0,565.1318003159927,434.0,2226.0,460728.7425324482,453974.2897208517,314104.6314787881,51492.89392051346,1021774.8472151473,0.0,0.0,0.0,0.0,0.0
726.8333333333334,728.0,290.68070493622764,133.0,1229.0,1385.7,1436.5,649.9030260995353,303.0,2355.0,505996.2981791575,466959.25248982833,355981.7478966911,29386.87318674039,1132289.547742372,0.0,0.0,0.0,0.0,0.0
738.4333333333333,686.5,290.8391327024462,133.0,1299.0,1434.5111111111112,1426.5,614.7965561322695,314.0,2354.0,526345.3348987658,461184.89096470043,348417.9436321289,32189.078407701483,1132289.547742372,0.0,0.0,0.0,0.0,0.0
722.7444444444444,667.5,289.97366014906754,133.0,1346.0,1352.6444444444444,1417.0,615.5619530353475,302.0,2227.0,479269.9513693609,455361.21364581585,343029.37099085154,29253.176943892373,1023729.5187690154,0.0,0.0,0.0,0.0,0.0
726.7888888888889,683.0,302.2696917377094,133.0,1408.0,1376.8222222222223,1425.5,619.9342183342749,314.0,2228.0,493930.8099970584,460794.9093311748,344851.4527161116,32189.078407701483,1023678.4856919036,0.0,0.0,0.0,0.0,0.0
637.8777777777777,588.0,302.6214293571637,139.0,1379.0,1163.6444444444444,898.5,636.5284022834961,40.0,2227.0,385603.5508275177,190306.13334204946,339688.713181269,1e-05,1023525.2542599929,0.0,0.0,0.0,0.0,0.0
661.5666666666667,643.5,302.9503461331943,133.0,1232.0,1250.6444444444444,928.0,620.5318384008477,312.0,2226.0,426033.92911447765,205311.58538813447,343698.2633248367,31583.571704435657,1019841.5052957692,0.0,0.0,0.0,0.0,0.0
762.7888888888889,753.5,361.1279396078793,133.0,1336.0,1430.0222222222221,1554.0,705.6007681051781,312.0,2227.0,542331.1118236036,540266.067324961,391106.1145641559,31727.066154389362,1023064.3723758579,0.0,0.0,0.0,0.0,0.0
625.7777777777778,626.0,317.5773143933363,133.0,1333.0,1201.0777777777778,1153.0,663.2736192180549,302.0,2227.0,411293.23065312713,321783.37161281944,349903.83454651805,29253.176943892373,1023422.9898998543,0.0,0.0,0.0,0.0,0.0
720.4777777777778,672.5,343.94060300444573,139.0,1359.0,1382.0111111111112,1435.0,690.7254559027767,40.0,2228.0,513266.7541352873,466559.8816222516,372499.4101738709,1e-05,1023525.2542599929,0.0,0.0,0.0,0.0,0.0
720.1444444444444,683.0,331.4173455231037,230.0,1261.0,1393.0444444444445,1435.0,679.9371525060421,65.0,2354.0,516572.7788820809,466695.2673452925,378458.0752062208,845.2216350787623,1131074.4368213257,0.0,0.0,0.0,0.0,0.0
783.0777777777778,821.0,363.7159828394121,149.0,1368.0,1478.9777777777779,1789.0,719.0305352467891,40.0,2354.0,574483.09125035,691112.4415974598,402497.2268214453,1e-05,1131074.4368213257,0.0,0.0,0.0,0.0,0.0
738.8777777777777,746.0,369.42116367750174,135.0,1234.0,1390.4666666666667,1512.0,766.2383760220372,40.0,2228.0,535563.8192569271,511999.7860858926,413431.7534132272,1e-05,1025099.0457272618,0.0,0.0,0.0,0.0,0.0
728.0444444444445,701.5,374.466284229557,133.0,1366.0,1401.1,1484.5,755.4737299646273,65.0,2228.0,539680.4162261207,495975.09616614983,411188.764750164,845.2216350787623,1023780.5297968376,0.0,0.0,0.0,0.0,0.0
758.2333333333333,725.0,349.28695779958474,147.0,1242.0,1430.0,1597.0,745.5055257265964,312.0,2228.0,553233.7945796608,567298.4474148321,406112.2507718376,31583.571704435657,1023729.5187690154,0.0,0.0,0.0,0.0,0.0
732.0555555555555,698.0,335.11355823598103,153.0,1196.0,1379.0777777777778,1518.0,723.7778546208126,305.0,2228.0,518766.6879358893,516484.8522833134,398515.1189704751,30238.04437650482,1023474.1330808238,0.0,0.0,0.0,0.0,0.0
814.4444444444445,898.0,340.38925792918354,147.0,1439.0,1560.088888888889,2018.0,698.529306542514,303.0,2228.0,619402.6125546187,863454.1409194493,389368.57696216565,29346.624014906527,1025702.5149768738,0.0,0.0,0.0,0.0,0.0
742.2,808.0,349.4664568230325,147.0,1222.0,1411.0111111111112,1783.5,752.7442902760604,40.0,2228.0,544763.8838118241,690595.0966651778,402211.6853033683,1e-05,1024086.1323938672,0.0,0.0,0.0,0.0,0.0
814.3111111111111,850.0,319.042478691908,147.0,1197.0,1568.388888888889,1794.0,708.9353158778066,312.0,2228.0,628024.4624615175,697864.658053145,385324.47452614445,31583.571704435657,1025752.6585204068,0.0,0.0,0.0,0.0,0.0
771.8333333333334,816.0,364.8475252302894,133.0,1308.0,1481.5111111111112,1786.0,764.0632644609773,301.0,2355.0,588672.6094914634,692183.8111777629,412278.62313317833,29039.890402013996,1128069.2213845772,0.0,0.0,0.0,0.0,0.0
689.6333333333333,645.5,326.8473802862737,133.0,1217.0,1342.7,1424.5,709.522726125731,306.0,2228.0,496367.4756513983,461106.96001104196,382372.06865383213,30486.87117683398,1025752.6585204068,0.0,0.0,0.0,0.0,0.0
710.5777777777778,668.0,319.21814128961256,147.0,1215.0,1374.6888888888889,1436.0,747.1239469450604,301.0,2228.0,523581.67594589817,467377.29594147374,401919.59075331036,29039.890402013996,1025702.5149768738,0.0,0.0,0.0,0.0,0.0
693.1111111111111,667.0,330.0303839360668,147.0,1186.0,1367.2111111111112,1544.0,740.0784116781807,301.0,2228.0,517995.05082050513,533961.2906966115,398053.7179450882,29039.890402013996,1025652.3490027669,0.0,0.0,0.0,0.0,0.0
687.6888888888889,663.0,333.67724406958973,145.0,1192.0,1347.3111111111111,1478.5,760.6887032222028,299.0,2227.0,511994.28102297644,494509.1460251311,401020.7910962951,28449.93142181293,1025652.3490027669,0.0,0.0,0.0,0.0,0.0
757.4888888888889,789.0,328.0998237137406,133.0,1339.0,1495.1,1785.5,734.3012105245216,312.0,2228.0,590289.723046619,693550.2758402871,399077.3484873282,31583.571704435657,1025702.5149768738,0.0,0.0,0.0,0.0,0.0
718.9,777.0,353.57045659638726,139.0,1179.0,1392.2333333333333,1785.5,797.9983159269336,303.0,2228.0,546347.715662533,692083.6947602445,424854.6457913368,29346.624014906527,1025652.3490027669,0.0,0.0,0.0,0.0,0.0
737.9,789.0,350.986484386824,145.0,1160.0,1436.611111111111,1782.5,783.1388225800703,299.0,2228.0,567851.4345507444,691352.9128764444,425836.90948375216,28449.93142181293,1025752.6585204068,0.0,0.0,0.0,0.0,0.0
753.0,790.0,333.64688586055235,181.0,1162.0,1486.6,1784.5,754.0185791993309,297.0,2228.0,590135.5498041327,692873.6242047269,410621.10375059594,28065.061001890954,1025752.6585204068,0.0,0.0,0.0,0.0,0.0
712.8,679.0,334.9360535982951,179.0,1195.0,1391.7222222222222,1544.5,761.7219969367328,301.0,2355.0,536989.4494522124,534739.5288596097,411074.557736151,29039.890402013996,1134065.0364960728,0.0,0.0,0.0,0.0,0.0
737.1,832.0,337.288206797161,133.0,1214.0,1443.3444444444444,1875.5,787.9916688943568,303.0,2355.0,573606.4343608262,760143.5271048726,424813.1750324847,29346.624014906527,1134065.0364960728,0.0,0.0,0.0,0.0,0.0
710.5444444444445,785.0,358.51651631289707,133.0,1201.0,1374.9222222222222,1784.0,812.5312743078848,299.0,2356.0,541067.6424245827,692388.488608045,434633.58039719623,28449.93142181293,1134116.8788046706,0.0,0.0,0.0,0.0,0.0
687.9888888888889,630.0,368.0777542991108,137.0,1204.0,1351.8222222222223,1434.0,797.54829289904,310.0,2356.0,524191.19794979045,467630.58037019626,432309.08466631104,31407.077233562053,1134065.0364960728,0.0,0.0,0.0,0.0,0.0
703.6222222222223,663.0,360.946828271847,133.0,1201.0,1385.3333333333333,1535.0,787.3821322726483,311.0,2356.0,539782.5573344423,528685.6582052277,433312.0461746727,31549.222277946854,1134065.0364960728,0.0,0.0,0.0,0.0,0.0
720.4666666666667,775.0,369.62074256368965,133.0,1200.0,1420.7222222222222,1790.5,789.7704452388931,301.0,2356.0,560668.7028928925,697611.0565574854,427849.2991585263,29039.890402013996,1134065.0364960728,0.0,0.0,0.0,0.0,0.0
700.8111111111111,776.0,356.3552501661616,133.0,1202.0,1377.1222222222223,1729.0,799.4260000188715,308.0,2472.0,538744.9671005482,653532.5518237433,434029.97280739056,30911.1877771725,1245583.8138569377,0.0,0.0,0.0,0.0,0.0
654.9666666666667,587.0,380.720032744973,133.0,1210.0,1255.3666666666666,810.5,822.3147200974144,299.0,2389.0,478533.78786226554,163523.80474096898,452213.21447013767,28449.93142181293,1162139.773771625,0.0,0.0,0.0,0.0,0.0
627.9555555555555,533.0,335.36971012471565,139.0,1210.0,1202.0333333333333,810.5,749.6297226705403,301.0,2389.0,432442.3259717764,163587.136096339,405989.66888643475,29039.890402013996,1162139.773771625,0.0,0.0,0.0,0.0,0.0
569.5777777777778,427.0,367.39805775140695,137.0,1202.0,1102.2,702.5,777.3574067169991,296.0,2356.0,391764.9866223184,127719.77062741588,419025.6703506605,27977.023169872355,1134065.0364960728,0.0,0.0,0.0,0.0,0.0
588.6444444444444,602.5,336.00258964316566,133.0,1201.0,1163.4222222222222,1129.0,740.7596997944111,40.0,2356.0,412654.7017673765,306107.8272351228,386200.1172807303,1e-05,1134065.0364960728,0.0,0.0,0.0,0.0,0.0
703.5777777777778,642.0,361.51388409722483,137.0,1508.0,1387.9777777777779,1414.5,772.3128177073469,296.0,2979.0,537125.7803072738,455855.4524732104,432439.87397335155,27977.023169872355,1734811.4675890503,0.0,0.0,0.0,0.0,0.0
762.6222222222223,829.0,353.0329093182793,133.0,1328.0,1510.7888888888888,1787.5,770.9656930606856,301.0,2595.0,608592.0594553633,694862.6537907522,430938.0002676365,29039.890402013996,1350943.0807538133,0.0,0.0,0.0,0.0,0.0
751.1888888888889,801.0,365.38706704730544,133.0,1511.0,1504.6888888888889,1790.0,777.4306492035079,298.0,2978.0,606403.0567142321,697501.1165830104,448459.259227478,28319.40249293462,1734927.927880576,0.0,0.0,0.0,0.0,0.0
735.3333333333334,712.5,373.70225819197,133.0,1508.0,1456.3555555555556,1612.0,803.1020041911254,296.0,2979.0,583702.7728232166,581180.4633858721,476321.69780323113,27977.023169872355,1734811.4675890503,0.0,0.0,0.0,0.0,0.0
735.1222222222223,699.0,379.0506511969601,133.0,1511.0,1477.611111111111,1476.5,781.481295638033,297.0,2979.0,590487.6025994545,490697.71671954717,475405.90258849075,28106.630174287482,1734811.4675890503,0.0,0.0,0.0,0.0,0.0
753.6222222222223,755.0,369.53726553256297,137.0,1529.0,1510.7444444444445,1674.0,784.4487032462297,293.0,2979.0,611179.4962047184,617175.1387441141,480004.41107516893,27172.931310639033,1734811.4675890503,0.0,0.0,0.0,0.0,0.0
663.9111111111112,605.5,366.03517270109575,133.0,1518.0,1335.7,1282.5,812.1893792569426,311.0,2979.0,518881.5390703216,383865.0769424435,479241.97734495415,31549.222277946854,1734228.0083443858,0.0,0.0,0.0,0.0,0.0
697.8444444444444,626.5,371.4363385295614,139.0,1508.0,1406.7222222222222,1414.5,811.8584992715824,311.0,2980.0,557953.0782390839,455331.93859034934,488121.69017683406,31549.222277946854,1734869.7073947582,0.0,0.0,0.0,0.0,0.0
680.6555555555556,672.0,362.13343646019365,133.0,1501.0,1421.2777777777778,1479.0,762.6344257138873,313.0,2962.0,554722.3665742566,493923.73420960415,440718.7157286861,31761.87217641555,1717936.5985270229,0.0,0.0,0.0,0.0,0.0
633.0555555555555,549.0,349.3816557262626,133.0,1508.0,1266.8555555555556,1127.0,767.2258476863411,313.0,2979.0,470082.96668953646,301070.05861638533,447994.1653040846,31761.87217641555,1734811.4675890503,0.0,0.0,0.0,0.0,0.0
666.6555555555556,494.0,383.9808780282659,133.0,1509.0,1308.1888888888889,810.5,831.3518962702249,312.0,2979.0,508574.2174562316,163523.80474096898,483952.16055842274,31727.066154389362,1734811.4675890503,0.0,0.0,0.0,0.0,0.0
678.8555555555556,623.0,400.23003277590556,133.0,1516.0,1392.4888888888888,1410.0,868.55365399988,313.0,2980.0,565769.2609448469,452948.38593405543,533334.5758126344,31761.87217641555,1734344.854394835,0.0,0.0,0.0,0.0,0.0
660.8333333333334,622.0,363.4115282828668,133.0,1516.0,1371.5777777777778,1415.0,800.99084441678,301.0,2964.0,536089.0697875841,455473.57176887395,485023.46602132125,29039.890402013996,1717936.5985270229,0.0,0.0,0.0,0.0,0.0
725.8888888888889,631.0,364.49372634273124,133.0,1524.0,1476.5111111111112,1415.0,752.4947728787733,311.0,2962.0,582538.3436123844,454795.49911153154,470318.554939544,31549.222277946854,1717936.5985270229,0.0,0.0,0.0,0.0,0.0
653.5666666666667,606.0,343.30239504618146,133.0,1516.0,1283.8,1270.0,773.7452092833203,313.0,2963.0,480035.827547443,377544.62819102267,460278.62442758644,31761.87217641555,1717936.5985270229,0.0,0.0,0.0,0.0,0.0
731.2,642.0,382.86305065330544,137.0,1501.0,1438.6444444444444,1431.5,841.9020042091347,313.0,2962.0,583912.0151158749,466123.0872881465,502818.48803628644,31761.87217641555,1717936.5985270229,0.0,0.0,0.0,0.0,0.0
764.0111111111111,727.5,402.2664538294776,133.0,1516.0,1504.911111111111,1602.5,847.8477542112072,311.0,2963.0,624338.6657103082,571908.9082356293,506709.683234018,31549.222277946854,1717062.7126352289,0.0,0.0,0.0,0.0,0.0
707.0444444444445,632.5,413.78987988030593,147.0,1516.0,1357.4444444444443,1410.0,869.727315006914,313.0,2964.0,544855.2625697129,451107.747255604,527170.509421598,31761.87217641555,1717062.7126352289,0.0,0.0,0.0,0.0,0.0
678.2222222222222,641.0,351.0304443200136,133.0,1505.0,1338.0222222222221,1422.5,760.7033438101547,314.0,2962.0,505906.8158100291,459000.89217835246,447181.9795504125,32189.078407701483,1717703.987280485,0.0,0.0,0.0,0.0,0.0
696.0222222222222,657.0,374.10836153825744,133.0,1461.0,1407.2,1434.0,794.7997120169472,311.0,2852.0,553980.2929448246,467144.16541104903,467674.9102485006,31549.222277946854,1601361.7967845171,0.0,0.0,0.0,0.0,0.0
751.8555555555556,662.0,391.51797350855674,133.0,1462.0,1520.5777777777778,1478.5,823.6194641510089,313.0,2852.0,627625.6560530686,493817.13518323575,501753.2252389907,31761.87217641555,1601361.7967845171,0.0,0.0,0.0,0.0,0.0
723.6222222222223,622.0,410.04480995720394,133.0,1544.0,1404.7666666666667,1434.5,872.4342579498151,311.0,2915.0,572724.7277022521,467192.0164093656,520579.06487594085,31549.222277946854,1664020.9109338662,0.0,0.0,0.0,0.0,0.0
677.3777777777777,587.0,384.4021498892874,139.0,1519.0,1314.6555555555556,898.0,806.4451646455864,311.0,2914.0,504317.6593589826,195243.35276335006,484519.22212333896,31549.222277946854,1665838.8687998794,0.0,0.0,0.0,0.0,0.0
683.9777777777778,452.5,410.1119624302552,139.0,1340.0,1300.8666666666666,717.5,854.4552286561174,311.0,2594.0,509964.2550843085,131695.2146141543,505049.8945170425,31549.222277946854,1350285.6499427299,0.0,0.0,0.0,0.0,0.0
667.0222222222222,427.0,404.9880924937527,147.0,1341.0,1282.3222222222223,712.5,841.4274488798158,303.0,2596.0,496511.4698586123,131758.5459695243,503058.7843046451,29346.624014906527,1350285.6499427299,0.0,0.0,0.0,0.0,0.0
671.0111111111111,478.0,377.61280858821056,139.0,1341.0,1216.3333333333333,723.0,818.7722923173859,311.0,2596.0,454818.90863775165,131804.2567185879,491303.45984372194,31549.222277946854,1350395.4269869598,0.0,0.0,0.0,0.0,0.0
665.5,587.0,364.8175571432932,133.0,1341.0,1282.3111111111111,898.0,792.3796318606722,311.0,2752.0,483394.5290502543,195243.35276335006,471705.7113846508,31549.222277946854,1511101.233382846,0.0,0.0,0.0,0.0,0.0
678.1777777777778,587.0,371.8876048180202,147.0,1360.0,1297.3555555555556,898.0,804.7622328104275,313.0,2762.0,494128.7088893677,195243.35276335006,484125.1215048047,31761.87217641555,1522129.8586464864,0.0,0.0,0.0,0.0,0.0
843.4777777777778,787.0,359.42331055851054,317.0,1360.0,1636.4555555555555,1785.0,778.4382393415266,436.0,2759.0,686276.3840472997,693190.8694567132,484148.71288637264,51492.89392051346,1519073.643261828,0.0,0.0,0.0,0.0,0.0
792.5,787.0,394.26198988320783,133.0,1359.0,1538.1555555555556,1785.0,856.5524685376984,314.0,2596.0,646119.2649030753,693190.8694567132,520979.0594287843,32189.078407701483,1350285.6499427299,0.0,0.0,0.0,0.0,0.0
744.1444444444444,661.0,383.2958405175103,133.0,1359.0,1426.9888888888888,1411.0,812.5963121644166,314.0,2596.0,567766.8135410317,452054.1834488101,492035.2124344139,32189.078407701483,1350285.6499427299,0.0,0.0,0.0,0.0,0.0
753.5444444444445,668.0,370.0206348933983,147.0,1341.0,1471.5,1436.0,803.7590745988501,313.0,2596.0,592053.4509272292,467232.4063249235,486265.56912458123,31761.87217641555,1350285.6499427299,0.0,0.0,0.0,0.0,0.0
802.4222222222222,787.0,363.86774086130004,147.0,1340.0,1586.3666666666666,1785.5,757.2350060875715,313.0,2594.0,650173.9551572733,693592.3828440044,458003.4640648584,31761.87217641555,1350285.6499427299,0.0,0.0,0.0,0.0,0.0
837.0555555555555,787.0,317.62281478057554,133.0,1359.0,1680.0,1786.0,666.3397365041683,314.0,2595.0,689661.8696324411,693951.8426968253,414593.5066458189,32189.078407701483,1350285.6499427299,0.0,0.0,0.0,0.0,0.0
862.2888888888889,807.0,391.97384392455024,147.0,1360.0,1658.6222222222223,1786.0,820.8660004027965,313.0,2595.0,711484.1303761612,693909.7891623549,506847.4996925883,31761.87217641555,1350285.6499427299,0.0,0.0,0.0,0.0,0.0
777.9,663.0,376.540098204103,147.0,1489.0,1486.9666666666667,1430.0,806.86511952811,313.0,2852.0,600891.5135875808,463118.0653795076,495964.00050131785,31761.87217641555,1599748.7622324545,0.0,0.0,0.0,0.0,0.0
803.8333333333334,755.0,365.5010335902698,147.0,1439.0,1540.4888888888888,1676.0,782.4803475621529,313.0,2852.0,626773.8334776869,617727.3849492702,481904.68418409943,31761.87217641555,1602618.3963336959,0.0,0.0,0.0,0.0,0.0
744.7333333333333,725.0,384.8319633294511,133.0,1409.0,1485.2666666666667,1601.0,788.0143653512924,311.0,2851.0,596474.5244329146,569901.3598399588,473182.2854910235,31549.222277946854,1604316.5050864143,0.0,0.0,0.0,0.0,0.0
854.4222222222222,819.0,391.6347214710774,133.0,1409.0,1677.0,1787.0,807.3308698008105,311.0,2851.0,720556.3539975488,693992.0101812743,497033.9053229375,31549.222277946854,1604316.5050864143,0.0,0.0,0.0,0.0,0.0
868.0555555555555,893.0,386.3711330691461,317.0,1413.0,1711.6,2021.0,821.1577166145098,436.0,2851.0,747696.896655974,867105.0648308729,503257.99878588424,51492.89392051346,1604316.5050864143,0.0,0.0,0.0,0.0,0.0
739.7111111111111,664.5,381.49729122220066,133.0,1359.0,1446.7666666666667,1433.5,827.5007089624355,308.0,2596.0,584776.8948218276,465675.2499852519,483027.32707507384,30838.44220435306,1350285.6499427299,0.0,0.0,0.0,0.0,0.0
775.5333333333333,787.0,391.03615064481073,133.0,1394.0,1595.588888888889,1785.0,797.2446563626285,311.0,2596.0,667499.7303028142,693190.8694567132,484284.8616415958,31549.222277946854,1350285.6499427299,0.0,0.0,0.0,0.0,0.0
789.5222222222222,787.0,383.88317747801517,143.0,1367.0,1549.7,1785.0,805.8153283062647,309.0,2596.0,639694.4787994857,692467.833136254,487793.68850632774,31123.660030595845,1350285.6499427299,0.0,0.0,0.0,0.0,0.0
801.0222222222222,770.0,367.72163317674534,139.0,1374.0,1607.3444444444444,1722.5,734.9539843662338,311.0,2596.0,658133.9825048185,649279.0777077208,453660.06794592226,31549.222277946854,1350285.6499427299,0.0,0.0,0.0,0.0,0.0
811.3333333333334,780.0,345.6379287314657,147.0,1342.0,1627.2777777777778,1730.5,737.298959834367,313.0,2596.0,672068.8286024268,655645.6998361468,444409.8018734362,31761.87217641555,1350285.6499427299,0.0,0.0,0.0,0.0,0.0
778.1888888888889,786.0,377.3983717342383,133.0,1369.0,1577.7111111111112,1785.0,760.0627787586503,311.0,2596.0,646492.3703405515,692236.7645418434,450890.2301455796,31549.222277946854,1350285.6499427299,0.0,0.0,0.0,0.0,0.0
774.1333333333333,769.0,376.41000695163956,133.0,1360.0,1565.2555555555555,1676.5,760.9876705251919,309.0,2596.0,638952.395167105,618192.5813742669,451881.76541826135,31194.905485824675,1350285.6499427299,0.0,0.0,0.0,0.0,0.0
809.6111111111111,780.0,375.32876534948053,133.0,1348.0,1611.0333333333333,1785.0,777.9162829850866,313.0,2596.0,671270.0246036884,692467.833136254,471498.1473437638,31761.87217641555,1350285.6499427299,0.0,0.0,0.0,0.0,0.0
887.8777777777777,894.0,344.0849645647222,147.0,1343.0,1799.6,2023.0,715.2975573532706,313.0,2596.0,782074.1606082486,869229.4309092087,443561.98576153384,31761.87217641555,1350285.6499427299,0.0,0.0,0.0,0.0,0.0
786.9777777777778,787.0,385.2319064257205,139.0,1342.0,1570.7666666666667,1785.0,791.0527872539369,311.0,2596.0,649345.8987307149,693190.8694567132,478280.869850167,31549.222277946854,1350833.714399592,0.0,0.0,0.0,0.0,0.0
794.7555555555556,787.0,395.713148382094,133.0,1345.0,1632.6444444444444,1785.0,791.5634783432808,308.0,2596.0,689372.7324941498,693190.8694567132,487382.9001985061,30690.01462957314,1350888.4078632302,0.0,0.0,0.0,0.0,0.0
833.2888888888889,855.0,398.12890833789123,133.0,1348.0,1678.7444444444445,1908.5,798.351865631956,313.0,2596.0,720742.3312876129,784570.513176637,481686.2968579913,31761.87217641555,1350888.4078632302,0.0,0.0,0.0,0.0,0.0
919.7888888888889,1125.0,398.5788223856368,133.0,1417.0,1867.9333333333334,2147.0,751.4203114399055,312.0,2851.0,838750.0186201829,956725.6178145544,474888.93360299914,31727.066154389362,1604203.855188642,0.0,0.0,0.0,0.0,0.0
861.6888888888889,1125.5,418.92262994083194,133.0,1456.0,1700.0111111111112,2146.5,836.9745183223846,312.0,2850.0,744655.9509443354,956423.8831897483,498529.4177323612,31727.066154389362,1601648.2240962612,0.0,0.0,0.0,0.0,0.0
811.4333333333333,871.0,392.71208141447454,133.0,1515.0,1627.9666666666667,1952.0,800.3554689428108,311.0,2898.0,688312.1823509946,813794.7608624962,487863.9119105909,31549.222277946854,1648796.947026487,0.0,0.0,0.0,0.0,0.0
916.9,956.0,425.4355689564912,133.0,1543.0,1837.7444444444445,2021.5,825.2337791480143,311.0,2978.0,834906.7256744032,867545.3494277941,543387.0437388711,31549.222277946854,1732760.9522237484,0.0,0.0,0.0,0.0,0.0
756.0777777777778,626.0,391.7575278374162,139.0,1547.0,1509.611111111111,1434.5,810.0517362688008,312.0,2980.0,616545.9330983865,467950.36903772445,506045.3597067046,31727.066154389362,1733407.9328483634,0.0,0.0,0.0,0.0,0.0
831.5,785.0,431.350521295874,133.0,1534.0,1677.4444444444443,1783.5,859.8098641380755,311.0,2979.0,736159.5364471966,692113.0807125128,542264.9469326978,31549.222277946854,1733407.9328483634,0.0,0.0,0.0,0.0,0.0
858.5333333333333,807.0,449.12109725551744,133.0,1546.0,1743.2111111111112,1874.5,885.3087282530246,311.0,2979.0,787136.0451063982,758193.5073162478,569065.619754755,31549.222277946854,1733407.9328483634,0.0,0.0,0.0,0.0,0.0
846.4888888888889,855.0,433.0387779516709,133.0,1543.0,1670.6666666666667,2017.5,909.7173798005131,312.0,2979.0,745245.8755613716,864953.7156657948,574093.0002040281,31727.066154389362,1733407.9328483634,0.0,0.0,0.0,0.0,0.0
941.8555555555556,1003.5,442.724934947978,133.0,1561.0,1894.088888888889,2078.0,885.8374022414478,311.0,2979.0,892644.0441759797,907278.7880624956,574087.1725815978,31549.222277946854,1733407.9328483634,0.0,0.0,0.0,0.0,0.0
811.7111111111111,879.0,412.55117512711735,133.0,1543.0,1676.4888888888888,2019.0,856.9040429157935,312.0,2979.0,735785.5116529153,866496.2428079254,533627.0913532482,31727.066154389362,1733407.9328483634,0.0,0.0,0.0,0.0,0.0
876.9111111111112,881.0,478.87253336339575,133.0,1549.0,1777.888888888889,2022.0,944.9658482299704,312.0,2980.0,827985.5690044824,868435.1331659871,612439.8977147184,31727.066154389362,1733877.0084012814,0.0,0.0,0.0,0.0,0.0
815.9444444444445,867.0,434.514911164958,133.0,1570.0,1626.388888888889,1996.5,891.490957073155,312.0,2979.0,711924.9019481343,849364.6342712913,550790.4521134985,31727.066154389362,1733935.5564582027,0.0,0.0,0.0,0.0,0.0
922.8111111111111,913.0,459.1563010189799,133.0,1570.0,1834.6333333333334,2024.0,911.4385022223569,311.0,2979.0,857186.7443431589,869760.0120273312,580391.74857864,31549.222277946854,1733935.5564582027,0.0,0.0,0.0,0.0,0.0
973.5333333333333,1125.5,462.89826576089536,133.0,1581.0,1931.6444444444444,2164.0,958.2951332805233,313.0,2979.0,940705.7279556346,971397.4057031866,629518.429462185,31761.87217641555,1734811.4675890503,0.0,0.0,0.0,0.0,0.0
823.0222222222222,623.0,491.46388988584744,133.0,1551.0,1598.1222222222223,1436.0,1009.2297484030722,313.0,2979.0,727980.2261804782,468837.1807709908,671253.879105481,31761.87217641555,1734811.4675890503,0.0,0.0,0.0,0.0,0.0
781.8888888888889,587.0,497.2279254793954,133.0,1583.0,1488.9555555555555,1126.0,1038.816473055447,313.0,2980.0,672013.9209799129,301210.0627891362,659149.8910573408,31761.87217641555,1734753.208469859,0.0,0.0,0.0,0.0,0.0
896.0888888888888,903.0,483.5093390904196,133.0,1568.0,1784.5777777777778,2023.5,975.7299487253151,308.0,2979.0,841841.8588627684,869229.4309092087,632757.3968407677,30727.48455340913,1734753.208469859,0.0,0.0,0.0,0.0,0.0
876.2,879.0,455.01502295101324,137.0,1575.0,1724.4222222222222,2018.5,938.0268176429092,312.0,2979.0,788316.6162915707,865606.4590697326,619164.3908075363,31727.066154389362,1734753.208469859,0.0,0.0,0.0,0.0,0.0
845.9222222222222,855.0,463.48415357731915,133.0,1581.0,1630.2333333333333,2017.5,1010.372308167198,312.0,2980.0,749893.0307988273,865483.7189822257,645836.8485123571,31727.066154389362,1734753.208469859,0.0,0.0,0.0,0.0,0.0
892.4111111111112,890.0,496.5058105163959,133.0,1538.0,1772.1444444444444,2022.0,1006.2924421537718,311.0,2980.0,842811.2683778565,868435.1331659871,650319.6322047275,31549.222277946854,1734753.208469859,0.0,0.0,0.0,0.0,0.0
827.7111111111111,807.0,439.7375036300241,133.0,1558.0,1693.7777777777778,1886.0,872.0200530030868,312.0,2980.0,750545.169229632,767600.9170435311,555688.0941433845,31583.571704435657,1734753.208469859,0.0,0.0,0.0,0.0,0.0
819.4777777777778,785.0,479.4631773088124,133.0,1554.0,1642.8222222222223,1784.0,958.3583484013782,312.0,2980.0,742038.964482706,692556.3789527406,614629.9892055461,31727.066154389362,1734753.208469859,0.0,0.0,0.0,0.0,0.0
759.1888888888889,620.0,494.87778276716284,133.0,1511.0,1532.7,1434.0,996.0143511906732,312.0,2980.0,685519.579148033,467667.33221349266,635681.185738584,31727.066154389362,1734811.4675890503,0.0,0.0,0.0,0.0,0.0
849.6222222222223,879.0,436.27100593241806,133.0,1533.0,1705.9888888888888,2017.0,871.0515929922412,312.0,2980.0,757127.4783250623,864557.3524498638,563547.529399699,31727.066154389362,1737010.9437440345,0.0,0.0,0.0,0.0,0.0
749.9,620.0,466.81438257382104,133.0,1510.0,1497.9888888888888,1434.0,946.493710661084,311.0,2979.0,649366.3250017595,467760.5179521488,580592.9510223587,31549.222277946854,1734753.208469859,0.0,0.0,0.0,0.0,0.0
947.3555555555556,1116.0,442.26895565459085,133.0,1540.0,1912.9444444444443,2162.5,856.8663627312295,312.0,2979.0,898055.5544049108,970237.4203491905,560560.8355310782,31727.066154389362,1734753.208469859,0.0,0.0,0.0,0.0,0.0
861.7888888888889,879.0,468.5900481336288,133.0,1510.0,1732.7,2017.0,947.7495385268082,312.0,2979.0,797923.7116761667,864557.3524498638,612196.6834861202,31727.066154389362,1734753.208469859,0.0,0.0,0.0,0.0,0.0
849.6666666666666,879.0,427.31497620477677,133.0,1510.0,1733.8111111111111,2017.0,870.3832603379635,312.0,2979.0,776865.627545416,864557.3524498638,556782.4772941322,31727.066154389362,1734753.208469859,0.0,0.0,0.0,0.0,0.0
826.8444444444444,867.0,408.3077518819764,133.0,1510.0,1697.5333333333333,1987.0,824.4976409911674,312.0,2980.0,740327.8676075982,841593.7642469694,519998.32208436535,31727.066154389362,1734753.208469859,0.0,0.0,0.0,0.0,0.0
890.3888888888889,881.0,389.66645835307924,133.0,1510.0,1829.7555555555555,2022.0,789.7993178454485,313.0,2978.0,821115.4902769985,868435.1331659871,523777.7367312409,31761.87217641555,1734753.208469859,0.0,0.0,0.0,0.0,0.0
871.5555555555555,879.0,443.54551591844324,133.0,1510.0,1773.7777777777778,2017.0,892.150632246194,312.0,2979.0,809855.29222275,864557.3524498638,580927.2815868568,31727.066154389362,1734753.208469859,0.0,0.0,0.0,0.0,0.0
811.2555555555556,784.0,448.0662292591009,133.0,1510.0,1638.4888888888888,1785.0,903.3417003849213,312.0,2979.0,722608.8373206579,693232.9229911836,589260.83982521,31727.066154389362,1734753.208469859,0.0,0.0,0.0,0.0,0.0
893.2,881.0,422.9572923016118,133.0,1510.0,1826.5,2021.5,841.5957626900089,312.0,2979.0,832334.1918953644,868435.1331659871,556223.696073205,31727.066154389362,1734811.4675890503,0.0,0.0,0.0,0.0,0.0
882.6333333333333,863.0,449.74240651980136,133.0,1512.0,1786.2666666666667,1872.0,915.8875209932229,312.0,2979.0,824518.6739164838,756059.5200836031,614462.1091706074,31727.066154389362,1734811.4675890503,0.0,0.0,0.0,0.0,0.0
781.1,687.0,458.51005199207765,133.0,1510.0,1579.0111111111112,1601.0,910.3417489473628,312.0,2980.0,686997.6740562385,571415.4995916267,591989.7301969939,31727.066154389362,1734811.4675890503,0.0,0.0,0.0,0.0,0.0
901.0555555555555,880.0,426.2647419701911,133.0,1510.0,1828.0555555555557,2021.0,848.1863574201016,311.0,2980.0,834703.392863197,868374.6038723462,562779.8121523458,31549.222277946854,1734811.4675890503,0.0,0.0,0.0,0.0,0.0
342.6,182.0,394.7298316570462,137.0,1508.0,443.6,123.0,856.1810789780395,40.0,2978.0,185664.654741325,4321.648083327247,516670.7548210384,1e-05,1734811.4675890503,0.0,0.0,0.0,0.0,0.0
978.9666666666667,1119.0,472.00276482241077,133.0,1510.0,1953.8222222222223,2163.5,919.2625979286969,302.0,2979.0,945600.3861948719,969639.8748279605,600453.9423719182,29132.430670722664,1734811.4675890503,0.0,0.0,0.0,0.0,0.0
1012.5222222222222,1109.0,401.0084573166833,133.0,1515.0,2025.7666666666667,2139.0,789.228512888096,313.0,2979.0,963361.0231513601,952262.1406053232,554298.4491531054,31761.87217641555,1734811.4675890503,0.0,0.0,0.0,0.0,0.0
925.6,1095.0,413.15229368572767,147.0,1509.0,1870.5444444444445,2130.0,804.1592457151355,313.0,2980.0,852188.1696857978,943989.3747987496,554926.0400381029,31761.87217641555,1734811.4675890503,0.0,0.0,0.0,0.0,0.0
873.5777777777778,879.0,422.57267561076344,133.0,1510.0,1771.1777777777777,2018.0,873.2812017236778,312.0,2980.0,802458.3836040379,864953.7156657948,571518.2565444333,31727.066154389362,1734811.4675890503,0.0,0.0,0.0,0.0,0.0
1009.8777777777777,1112.5,433.53143748054833,133.0,1510.0,2026.7,2146.5,857.5294157572024,312.0,2980.0,982121.4046431647,957892.729613682,596025.2059746912,31727.066154389362,1734811.4675890503,0.0,0.0,0.0,0.0,0.0
1032.5222222222221,1139.0,465.1779403334164,133.0,1510.0,2054.233333333333,2298.5,933.5142687715062,313.0,2980.0,1024567.0030901483,1084634.3951595868,644667.4313907594,31761.87217641555,1734869.7073947582,0.0,0.0,0.0,0.0,0.0
904.6666666666666,1106.0,483.5394962611063,133.0,1509.0,1804.2333333333333,2131.0,956.0159581420293,313.0,2980.0,847955.4966301541,945396.0680860099,643267.4897944513,31761.87217641555,1734869.7073947582,0.0,0.0,0.0,0.0,0.0
931.6777777777778,1047.0,424.928381619977,133.0,1510.0,1852.111111111111,2078.0,865.5811849008278,312.0,2980.0,855383.6196492035,906906.493381311,582944.7132765837,31727.066154389362,1734869.7073947582,0.0,0.0,0.0,0.0,0.0
929.9777777777778,1106.0,465.3048696590173,133.0,1510.0,1852.3111111111111,2131.0,930.5396719042419,313.0,2980.0,874093.4396541564,945396.0680860099,629066.5686989765,31761.87217641555,1734869.7073947582,0.0,0.0,0.0,0.0,0.0
339.3,182.0,395.31077647845626,182.0,1507.0,390.2,40.0,869.8127154738543,40.0,2978.0,179427.28107445306,1e-05,518613.6994656951,1e-05,1734869.7073947582,0.0,0.0,0.0,0.0,0.0
314.5,182.0,397.5,182.0,1507.0,333.8,40.0,881.4,40.0,2978.0,173486.97074847584,1e-05,520460.9122154275,1e-05,1734869.7073947582,0.0,0.0,0.0,0.0,0.0
1049.0555555555557,1127.0,378.8477079282243,133.0,1510.0,2148.722222222222,2171.0,735.2462176830861,314.0,2980.0,1048214.4805954972,979267.917661479,522633.8335324312,32189.078407701483,1737010.9437440345,0.0,0.0,0.0,0.0,0.0
1048.611111111111,1127.0,417.9446984801391,133.0,1511.0,2144.3777777777777,2164.0,804.3018170062194,312.0,2980.0,1061244.1599270722,971397.4057031866,565455.5749520832,31727.066154389362,1734869.7073947582,0.0,0.0,0.0,0.0,0.0
963.5555555555555,1119.0,473.046793811989,133.0,1511.0,1940.4555555555555,2164.0,931.3839184676998,312.0,2980.0,939460.1861461694,971397.4057031866,611704.2164959766,31727.066154389362,1734869.7073947582,0.0,0.0,0.0,0.0,0.0
412.9,235.5,394.009504961492,182.0,1507.0,477.2,129.0,860.5143578116521,40.0,2978.0,193219.87979709962,4876.156676805519,515244.23244520853,1e-05,1734869.7073947582,0.0,0.0,0.0,0.0,0.0
342.3,182.0,394.51490466140825,149.0,1507.0,434.4,73.5,859.2443424311853,40.0,2978.0,185038.64011692972,951.0155451789225,516906.2754067373,1e-05,1734869.7073947582,0.0,0.0,0.0,0.0,0.0
992.3,1119.0,456.65246814910205,133.0,1529.0,1988.5333333333333,2164.0,901.0306715706803,312.0,2980.0,966417.4893051633,971397.4057031866,589210.2066612589,31510.332920579913,1737068.4448307035,0.0,0.0,0.0,0.0,0.0
1039.1222222222223,1119.0,426.26764747509355,133.0,1590.0,2098.277777777778,2164.0,824.4710496605657,313.0,2980.0,1029572.3989460564,971397.4057031866,559885.7256953119,31761.87217641555,1734869.7073947582,0.0,0.0,0.0,0.0,0.0
350.1,182.0,396.12938542854914,182.0,1507.0,373.8,40.0,875.9504323875866,40.0,2978.0,178249.840791712,1e-05,519067.561818218,1e-05,1734869.7073947582,0.0,0.0,0.0,0.0,0.0
335.7,182.0,393.6081935122794,171.0,1507.0,389.7,40.0,868.8146004758437,40.0,2978.0,179079.66726811518,1e-05,518709.41723633144,1e-05,1734869.7073947582,0.0,0.0,0.0,0.0,0.0
1017.2777777777778,1106.0,475.004725772463,133.0,1542.0,2046.6666666666667,2131.0,913.0534972765226,312.0,2980.0,1013196.3989166617,945396.0680860099,627172.7441497532,31727.066154389362,1734869.7073947582,0.0,0.0,0.0,0.0,0.0
936.1111111111111,1106.0,478.2807042927463,133.0,1510.0,1869.5777777777778,2131.0,954.0657207478806,312.0,2980.0,894129.6836393694,945396.0680860099,634502.160534642,31727.066154389362,1734869.7073947582,0.0,0.0,0.0,0.0,0.0
885.9555555555555,1106.0,476.1774158420627,133.0,1585.0,1789.3333333333333,2130.0,926.2825582821786,312.0,3254.0,840846.3946982728,944971.0954619164,643504.8104645225,31727.066154389362,3040037.676905253,1.0,1.0,0.0,1.0,1.0
987.7555555555556,1106.0,433.58965012020064,133.0,1593.0,1990.3,2131.0,835.7581182508623,312.0,3251.0,959843.636678248,945396.0680860099,607594.0472958994,31727.066154389362,3036074.6121751964,1.0,1.0,0.0,1.0,1.0
941.9444444444445,1103.0,430.53123157097986,133.0,1591.0,1925.9222222222222,2130.5,814.5478531441405,314.0,3252.0,906787.450008866,945396.0680860099,593434.1481414702,32189.078407701483,3037355.5986559372,1.0,1.0,0.0,1.0,1.0
969.2888888888889,1106.0,396.64325545604004,133.0,1596.0,1979.4666666666667,2131.0,778.0217963242133,312.0,3254.0,938333.6454677276,945545.5195370927,546903.8102967308,31727.066154389362,3039379.6395252342,1.0,1.0,0.0,1.0,1.0
919.1666666666666,1106.0,440.4001526389886,133.0,1616.0,1865.3666666666666,2131.0,853.7646104167119,314.0,3155.0,862387.2331656838,943879.4052059755,569125.4283547035,32189.078407701483,1923408.6332698055,0.0,0.0,0.0,0.0,0.0
980.3111111111111,1119.0,447.2407664892328,133.0,1553.0,1973.5333333333333,2164.0,874.6854698182149,312.0,2980.0,947539.1731580097,971397.4057031866,578633.7577054598,31727.066154389362,1737068.4448307035,0.0,0.0,0.0,0.0,0.0
885.8222222222222,867.0,486.94719261441656,133.0,1620.0,1801.2333333333333,2021.0,964.4896756546668,312.0,3254.0,860771.6248343156,868790.1506327443,674730.5070684046,31727.066154389362,3039977.949399274,1.0,1.0,0.0,1.0,1.0
948.7222222222222,1119.0,526.4261693042957,133.0,1620.0,1910.1777777777777,2164.0,1032.0957166828382,312.0,3254.0,960954.9866153491,971397.4057031866,685700.3716729174,31727.066154389362,3039619.189086853,1.0,1.0,0.0,1.0,1.0
